Listas Dinâmicas Simplesmente Encadeadas Circulares,Listas Estáticas,Árvores Binárias,Listas Estáticas Circulares,Listas Estáticas Sequenciais,Listas Dinâmicas Duplamente Encadeadas,Filas de Prioridade,Pilhas,Listas Dinâmicas,Aplicações de Pilhas,Árvores Binárias de Busca,Pilhas Dinâmicas,Percursos em Árvores Binárias,Listas Dinâmicas Simplesmente Encadeadas,Árvores BInárias de Busca Balanceadas,Listas Dinâmicas Duplamente Encadeadas Circulares,Filas Estáticas,Aplicações de Filas,Pilhas Estáticas,Tipos Abstratos de Dados,Listas Estáticas Encadeadas,Recursividade,Listas,Filas Dinâmicas,Filas,Ruim
Listas Estáticas Sequenciais,Filas Dinâmicas,Pilhas,Listas Estáticas Circulares,Filas Estáticas,Listas Dinâmicas Duplamente Encadeadas,Aplicações de Filas,Árvores Binárias,Listas Estáticas Encadeadas,Listas Estáticas,Listas,Pilhas Estáticas,Tipos Abstratos de Dados,Recursividade,Pilhas Dinâmicas,Filas de Prioridade,Listas Dinâmicas Simplesmente Encadeadas,Listas Dinâmicas,Aplicações de Pilhas,Percursos em Árvores Binárias,Filas,Árvores BInárias de Busca Balanceadas,Listas Dinâmicas Simplesmente Encadeadas Circulares,Listas Dinâmicas Duplamente Encadeadas Circulares,Árvores Binárias de Busca,Bom
Árvores Binárias de Busca,Listas Dinâmicas Simplesmente Encadeadas,Listas Dinâmicas Simplesmente Encadeadas Circulares,Listas,Filas,Listas Estáticas Encadeadas,Listas Estáticas Sequenciais,Árvores Binárias,Filas Dinâmicas,Pilhas,Aplicações de Filas,Listas Estáticas Circulares,Árvores BInárias de Busca Balanceadas,Pilhas Estáticas,Filas de Prioridade,Listas Dinâmicas Duplamente Encadeadas,Recursividade,Listas Dinâmicas Duplamente Encadeadas Circulares,Aplicações de Pilhas,Filas Estáticas,Listas Estáticas,Listas Dinâmicas,Percursos em Árvores Binárias,Pilhas Dinâmicas,Tipos Abstratos de Dados,Ótimo
Listas Estáticas,Árvores BInárias de Busca Balanceadas,Pilhas Estáticas,Listas Estáticas Encadeadas,Árvores Binárias de Busca,Listas Dinâmicas Duplamente Encadeadas Circulares,Filas Dinâmicas,Recursividade,Pilhas Dinâmicas,Filas de Prioridade,Listas,Percursos em Árvores Binárias,Pilhas,Aplicações de Pilhas,Árvores Binárias,Listas Dinâmicas Simplesmente Encadeadas Circulares,Listas Estáticas Sequenciais,Listas Dinâmicas Duplamente Encadeadas,Aplicações de Filas,Listas Dinâmicas,Listas Dinâmicas Simplesmente Encadeadas,Filas Estáticas,Tipos Abstratos de Dados,Listas Estáticas Circulares,Filas,Péssimo
Tipos Abstratos de Dados,Recursividade,Listas Dinâmicas Simplesmente Encadeadas,Árvores Binárias,Filas Estáticas,Filas de Prioridade,Listas,Árvores BInárias de Busca Balanceadas,Pilhas,Pilhas Estáticas,Árvores Binárias de Busca,Listas Estáticas Sequenciais,Listas Estáticas Encadeadas,Listas Estáticas,Pilhas Dinâmicas,Aplicações de Pilhas,Listas Dinâmicas,Aplicações de Filas,Listas Dinâmicas Duplamente Encadeadas,Listas Estáticas Circulares,Filas,Percursos em Árvores Binárias,Listas Dinâmicas Duplamente Encadeadas Circulares,Listas Dinâmicas Simplesmente Encadeadas Circulares,Filas Dinâmicas,Péssimo
Listas Estáticas Sequenciais,Filas de Prioridade,Árvores Binárias de Busca,Aplicações de Filas,Filas,Listas Estáticas,Listas Estáticas Encadeadas,Pilhas Estáticas,Percursos em Árvores Binárias,Filas Dinâmicas,Pilhas,Listas Estáticas Circulares,Recursividade,Listas Dinâmicas Duplamente Encadeadas Circulares,Árvores BInárias de Busca Balanceadas,Árvores Binárias,Pilhas Dinâmicas,Listas Dinâmicas Duplamente Encadeadas,Listas,Filas Estáticas,Aplicações de Pilhas,Tipos Abstratos de Dados,Listas Dinâmicas Simplesmente Encadeadas,Listas Dinâmicas Simplesmente Encadeadas Circulares,Listas Dinâmicas,Bom
Percursos em Árvores Binárias,Filas Estáticas,Aplicações de Filas,Pilhas Estáticas,Listas Dinâmicas,Pilhas,Listas Dinâmicas Simplesmente Encadeadas,Filas Dinâmicas,Pilhas Dinâmicas,Árvores BInárias de Busca Balanceadas,Tipos Abstratos de Dados,Listas Dinâmicas Duplamente Encadeadas,Listas Dinâmicas Duplamente Encadeadas Circulares,Listas Estáticas Sequenciais,Recursividade,Listas,Aplicações de Pilhas,Filas,Árvores Binárias de Busca,Árvores Binárias,Listas Estáticas Encadeadas,Listas Dinâmicas Simplesmente Encadeadas Circulares,Listas Estáticas Circulares,Listas Estáticas,Filas de Prioridade,Ruim
Árvores Binárias de Busca,Listas,Listas Dinâmicas Duplamente Encadeadas,Filas Dinâmicas,Pilhas Dinâmicas,Filas,Aplicações de Filas,Listas Dinâmicas Duplamente Encadeadas Circulares,Aplicações de Pilhas,Listas Estáticas,Listas Estáticas Circulares,Recursividade,Filas Estáticas,Listas Dinâmicas Simplesmente Encadeadas Circulares,Listas Dinâmicas Simplesmente Encadeadas,Pilhas,Listas Dinâmicas,Árvores Binárias,Filas de Prioridade,Percursos em Árvores Binárias,Árvores BInárias de Busca Balanceadas,Listas Estáticas Sequenciais,Listas Estáticas Encadeadas,Tipos Abstratos de Dados,Pilhas Estáticas,Regular
Pilhas,Listas Dinâmicas Duplamente Encadeadas,Listas,Tipos Abstratos de Dados,Recursividade,Listas Dinâmicas,Listas Estáticas,Árvores BInárias de Busca Balanceadas,Listas Estáticas Circulares,Pilhas Dinâmicas,Aplicações de Pilhas,Listas Dinâmicas Simplesmente Encadeadas Circulares,Listas Dinâmicas Simplesmente Encadeadas,Filas Estáticas,Pilhas Estáticas,Filas Dinâmicas,Filas de Prioridade,Árvores Binárias de Busca,Listas Estáticas Sequenciais,Árvores Binárias,Percursos em Árvores Binárias,Filas,Listas Estáticas Encadeadas,Aplicações de Filas,Listas Dinâmicas Duplamente Encadeadas Circulares,Péssimo
Filas Estáticas,Filas de Prioridade,Listas Dinâmicas Duplamente Encadeadas,Listas Dinâmicas Simplesmente Encadeadas Circulares,Tipos Abstratos de Dados,Árvores Binárias,Aplicações de Filas,Pilhas,Listas Estáticas,Aplicações de Pilhas,Listas Dinâmicas Simplesmente Encadeadas,Listas,Filas,Listas Estáticas Sequenciais,Listas Dinâmicas Duplamente Encadeadas Circulares,Árvores Binárias de Busca,Percursos em Árvores Binárias,Listas Dinâmicas,Filas Dinâmicas,Árvores BInárias de Busca Balanceadas,Recursividade,Listas Estáticas Circulares,Listas Estáticas Encadeadas,Pilhas Estáticas,Pilhas Dinâmicas,Bom
Listas Dinâmicas Simplesmente Encadeadas,Listas Dinâmicas Simplesmente Encadeadas Circulares,Árvores Binárias,Pilhas Dinâmicas,Listas Dinâmicas,Recursividade,Listas Estáticas Circulares,Percursos em Árvores Binárias,Árvores Binárias de Busca,Listas Dinâmicas Duplamente Encadeadas Circulares,Tipos Abstratos de Dados,Árvores BInárias de Busca Balanceadas,Aplicações de Filas,Listas Estáticas,Listas Estáticas Encadeadas,Listas Estáticas Sequenciais,Pilhas Estáticas,Listas Dinâmicas Duplamente Encadeadas,Listas,Pilhas,Filas Dinâmicas,Filas de Prioridade,Filas,Aplicações de Pilhas,Filas Estáticas,Ótimo
Listas Dinâmicas Duplamente Encadeadas,Listas Dinâmicas Simplesmente Encadeadas,Listas Dinâmicas,Filas de Prioridade,Listas Estáticas Circulares,Tipos Abstratos de Dados,Filas,Árvores BInárias de Busca Balanceadas,Listas Estáticas Sequenciais,Filas Dinâmicas,Pilhas,Listas Dinâmicas Duplamente Encadeadas Circulares,Árvores Binárias de Busca,Pilhas Estáticas,Aplicações de Filas,Filas Estáticas,Recursividade,Listas Dinâmicas Simplesmente Encadeadas Circulares,Listas,Percursos em Árvores Binárias,Pilhas Dinâmicas,Listas Estáticas Encadeadas,Árvores Binárias,Listas Estáticas,Aplicações de Pilhas,Ruim
Listas,Listas Estáticas Circulares,Pilhas Dinâmicas,Árvores BInárias de Busca Balanceadas,Listas Estáticas Sequenciais,Filas de Prioridade,Filas,Filas Dinâmicas,Árvores Binárias de Busca,Listas Estáticas,Árvores Binárias,Aplicações de Filas,Pilhas Estáticas,Tipos Abstratos de Dados,Aplicações de Pilhas,Listas Dinâmicas Simplesmente Encadeadas Circulares,Listas Estáticas Encadeadas,Listas Dinâmicas,Percursos em Árvores Binárias,Listas Dinâmicas Duplamente Encadeadas,Pilhas,Listas Dinâmicas Simplesmente Encadeadas,Recursividade,Filas Estáticas,Listas Dinâmicas Duplamente Encadeadas Circulares,Regular
Listas Estáticas Encadeadas,Aplicações de Pilhas,Árvores BInárias de Busca Balanceadas,Pilhas Estáticas,Listas Estáticas,Listas Estáticas Circulares,Recursividade,Listas Estáticas Sequenciais,Pilhas Dinâmicas,Filas de Prioridade,Listas,Listas Dinâmicas,Aplicações de Filas,Filas Estáticas,Árvores Binárias de Busca,Tipos Abstratos de Dados,Filas Dinâmicas,Pilhas,Listas Dinâmicas Duplamente Encadeadas,Árvores Binárias,Percursos em Árvores Binárias,Listas Dinâmicas Simplesmente Encadeadas Circulares,Filas,Listas Dinâmicas Simplesmente Encadeadas,Listas Dinâmicas Duplamente Encadeadas Circulares,Bom
Listas,Pilhas Dinâmicas,Percursos em Árvores Binárias,Aplicações de Pilhas,Listas Estáticas Encadeadas,Filas,Pilhas,Listas Dinâmicas Duplamente Encadeadas Circulares,Listas Dinâmicas,Filas Dinâmicas,Listas Dinâmicas Simplesmente Encadeadas,Filas de Prioridade,Árvores BInárias de Busca Balanceadas,Filas Estáticas,Listas Estáticas Circulares,Listas Estáticas Sequenciais,Listas Dinâmicas Duplamente Encadeadas,Listas Dinâmicas Simplesmente Encadeadas Circulares,Aplicações de Filas,Tipos Abstratos de Dados,Árvores Binárias de Busca,Pilhas Estáticas,Listas Estáticas,Árvores Binárias,Recursividade,Ótimo
Listas Estáticas Sequenciais,Listas Estáticas Circulares,Pilhas,Aplicações de Pilhas,Pilhas Estáticas,Listas Dinâmicas Simplesmente Encadeadas Circulares,Árvores Binárias de Busca,Percursos em Árvores Binárias,Listas Estáticas,Listas Dinâmicas Duplamente Encadeadas,Filas,Listas Dinâmicas Duplamente Encadeadas Circulares,Listas,Listas Estáticas Encadeadas,Tipos Abstratos de Dados,Filas Estáticas,Pilhas Dinâmicas,Árvores BInárias de Busca Balanceadas,Recursividade,Listas Dinâmicas,Listas Dinâmicas Simplesmente Encadeadas,Aplicações de Filas,Filas Dinâmicas,Filas de Prioridade,Árvores Binárias,Péssimo
Percursos em Árvores Binárias,Listas Estáticas Circulares,Listas,Listas Estáticas Sequenciais,Árvores Binárias,Aplicações de Pilhas,Listas Estáticas,Pilhas Estáticas,Filas,Listas Dinâmicas,Listas Dinâmicas Simplesmente Encadeadas,Árvores Binárias de Busca,Árvores BInárias de Busca Balanceadas,Tipos Abstratos de Dados,Pilhas,Filas Estáticas,Listas Dinâmicas Simplesmente Encadeadas Circulares,Filas de Prioridade,Recursividade,Filas Dinâmicas,Listas Estáticas Encadeadas,Listas Dinâmicas Duplamente Encadeadas Circulares,Listas Dinâmicas Duplamente Encadeadas,Pilhas Dinâmicas,Aplicações de Filas,Bom
Árvores Binárias de Busca,Árvores BInárias de Busca Balanceadas,Listas Dinâmicas Duplamente Encadeadas Circulares,Pilhas Dinâmicas,Listas Dinâmicas Simplesmente Encadeadas,Listas Dinâmicas Simplesmente Encadeadas Circulares,Filas Dinâmicas,Recursividade,Filas de Prioridade,Listas Dinâmicas Duplamente Encadeadas,Aplicações de Filas,Árvores Binárias,Listas Estáticas Encadeadas,Listas Estáticas Circulares,Listas,Tipos Abstratos de Dados,Percursos em Árvores Binárias,Listas Dinâmicas,Aplicações de Pilhas,Listas Estáticas,Listas Estáticas Sequenciais,Pilhas,Filas,Filas Estáticas,Pilhas Estáticas,Ruim
Listas Estáticas Circulares,Árvores Binárias,Listas Dinâmicas Simplesmente Encadeadas,Listas Dinâmicas Simplesmente Encadeadas Circulares,Percursos em Árvores Binárias,Listas Dinâmicas Duplamente Encadeadas Circulares,Pilhas Dinâmicas,Filas Dinâmicas,Listas,Listas Dinâmicas,Listas Dinâmicas Duplamente Encadeadas,Filas de Prioridade,Filas,Listas Estáticas Encadeadas,Tipos Abstratos de Dados,Listas Estáticas,Aplicações de Filas,Recursividade,Árvores BInárias de Busca Balanceadas,Árvores Binárias de Busca,Filas Estáticas,Listas Estáticas Sequenciais,Pilhas Estáticas,Aplicações de Pilhas,Pilhas,Péssimo
Árvores Binárias,Aplicações de Pilhas,Listas Estáticas,Tipos Abstratos de Dados,Recursividade,Filas,Filas Dinâmicas,Filas de Prioridade,Listas,Árvores BInárias de Busca Balanceadas,Listas Dinâmicas Duplamente Encadeadas,Pilhas Dinâmicas,Aplicações de Filas,Listas Estáticas Circulares,Listas Dinâmicas Simplesmente Encadeadas,Listas Dinâmicas Duplamente Encadeadas Circulares,Percursos em Árvores Binárias,Listas Dinâmicas,Listas Dinâmicas Simplesmente Encadeadas Circulares,Árvores Binárias de Busca,Listas Estáticas Encadeadas,Listas Estáticas Sequenciais,Filas Estáticas,Pilhas Estáticas,Pilhas,Bom
Árvores BInárias de Busca Balanceadas,Listas Estáticas,Tipos Abstratos de Dados,Percursos em Árvores Binárias,Filas Estáticas,Aplicações de Filas,Listas Dinâmicas,Pilhas Dinâmicas,Árvores Binárias de Busca,Pilhas Estáticas,Listas Estáticas Encadeadas,Listas,Filas de Prioridade,Listas Estáticas Circulares,Listas Dinâmicas Duplamente Encadeadas Circulares,Aplicações de Pilhas,Pilhas,Listas Dinâmicas Duplamente Encadeadas,Listas Dinâmicas Simplesmente Encadeadas Circulares,Árvores Binárias,Filas,Recursividade,Filas Dinâmicas,Listas Dinâmicas Simplesmente Encadeadas,Listas Estáticas Sequenciais,Ótimo
Filas de Prioridade,Listas Estáticas Encadeadas,Listas Dinâmicas,Listas Dinâmicas Simplesmente Encadeadas Circulares,Listas Estáticas Circulares,Árvores Binárias de Busca,Listas,Tipos Abstratos de Dados,Aplicações de Filas,Listas Dinâmicas Duplamente Encadeadas,Listas Dinâmicas Simplesmente Encadeadas,Filas Dinâmicas,Filas,Árvores BInárias de Busca Balanceadas,Listas Dinâmicas Duplamente Encadeadas Circulares,Percursos em Árvores Binárias,Listas Estáticas,Filas Estáticas,Pilhas Estáticas,Aplicações de Pilhas,Pilhas,Árvores Binárias,Listas Estáticas Sequenciais,Recursividade,Pilhas Dinâmicas,Péssimo
Árvores Binárias,Árvores Binárias de Busca,Filas de Prioridade,Listas Estáticas,Aplicações de Pilhas,Listas Dinâmicas Duplamente Encadeadas Circulares,Listas Dinâmicas Duplamente Encadeadas,Listas Estáticas Sequenciais,Listas Estáticas Circulares,Árvores BInárias de Busca Balanceadas,Pilhas Estáticas,Filas,Filas Estáticas,Filas Dinâmicas,Recursividade,Pilhas,Listas Dinâmicas Simplesmente Encadeadas,Tipos Abstratos de Dados,Aplicações de Filas,Listas Dinâmicas Simplesmente Encadeadas Circulares,Pilhas Dinâmicas,Listas,Listas Estáticas Encadeadas,Percursos em Árvores Binárias,Listas Dinâmicas,Péssimo
Listas Estáticas Circulares,Listas Dinâmicas Duplamente Encadeadas,Listas Dinâmicas Simplesmente Encadeadas,Listas Estáticas,Árvores Binárias de Busca,Percursos em Árvores Binárias,Pilhas Dinâmicas,Pilhas Estáticas,Filas Dinâmicas,Listas Dinâmicas,Filas Estáticas,Aplicações de Filas,Filas,Listas Estáticas Encadeadas,Filas de Prioridade,Recursividade,Listas Dinâmicas Duplamente Encadeadas Circulares,Listas,Listas Dinâmicas Simplesmente Encadeadas Circulares,Aplicações de Pilhas,Listas Estáticas Sequenciais,Pilhas,Tipos Abstratos de Dados,Árvores Binárias,Árvores BInárias de Busca Balanceadas,Ruim
Listas Dinâmicas Simplesmente Encadeadas Circulares,Listas,Pilhas Estáticas,Pilhas Dinâmicas,Filas,Filas de Prioridade,Listas Estáticas Encadeadas,Listas Estáticas,Árvores Binárias de Busca,Listas Estáticas Circulares,Listas Dinâmicas,Listas Dinâmicas Duplamente Encadeadas,Listas Dinâmicas Simplesmente Encadeadas,Aplicações de Filas,Percursos em Árvores Binárias,Recursividade,Tipos Abstratos de Dados,Listas Dinâmicas Duplamente Encadeadas Circulares,Listas Estáticas Sequenciais,Árvores Binárias,Filas Estáticas,Aplicações de Pilhas,Árvores BInárias de Busca Balanceadas,Filas Dinâmicas,Pilhas,Bom
Pilhas,Aplicações de Pilhas,Listas Dinâmicas Duplamente Encadeadas,Pilhas Dinâmicas,Pilhas Estáticas,Árvores Binárias,Listas Estáticas,Filas Dinâmicas,Listas Dinâmicas Simplesmente Encadeadas,Listas Dinâmicas Duplamente Encadeadas Circulares,Listas Estáticas Circulares,Árvores Binárias de Busca,Árvores BInárias de Busca Balanceadas,Listas Estáticas Encadeadas,Listas Dinâmicas,Tipos Abstratos de Dados,Filas,Aplicações de Filas,Filas Estáticas,Listas Dinâmicas Simplesmente Encadeadas Circulares,Percursos em Árvores Binárias,Listas,Filas de Prioridade,Listas Estáticas Sequenciais,Recursividade,Regular
Aplicações de Pilhas,Percursos em Árvores Binárias,Pilhas Estáticas,Listas Dinâmicas Duplamente Encadeadas,Listas Estáticas Encadeadas,Listas,Listas Estáticas Circulares,Listas Estáticas,Recursividade,Árvores Binárias,Listas Estáticas Sequenciais,Filas de Prioridade,Filas Dinâmicas,Aplicações de Filas,Pilhas Dinâmicas,Listas Dinâmicas Duplamente Encadeadas Circulares,Listas Dinâmicas Simplesmente Encadeadas,Filas Estáticas,Listas Dinâmicas,Filas,Árvores BInárias de Busca Balanceadas,Tipos Abstratos de Dados,Pilhas,Listas Dinâmicas Simplesmente Encadeadas Circulares,Árvores Binárias de Busca,Ruim
Listas Estáticas Sequenciais,Listas Estáticas,Pilhas Dinâmicas,Listas Estáticas Encadeadas,Listas,Pilhas,Aplicações de Filas,Árvores Binárias,Pilhas Estáticas,Recursividade,Filas de Prioridade,Árvores Binárias de Busca,Listas Estáticas Circulares,Percursos em Árvores Binárias,Listas Dinâmicas Duplamente Encadeadas,Listas Dinâmicas Simplesmente Encadeadas Circulares,Tipos Abstratos de Dados,Filas Dinâmicas,Árvores BInárias de Busca Balanceadas,Listas Dinâmicas,Listas Dinâmicas Duplamente Encadeadas Circulares,Filas Estáticas,Listas Dinâmicas Simplesmente Encadeadas,Aplicações de Pilhas,Filas,Ótimo
Listas Dinâmicas Duplamente Encadeadas,Listas Dinâmicas,Filas Estáticas,Listas,Aplicações de Filas,Listas Dinâmicas Simplesmente Encadeadas,Tipos Abstratos de Dados,Filas,Árvores Binárias de Busca,Listas Estáticas Circulares,Filas Dinâmicas,Filas de Prioridade,Listas Estáticas Encadeadas,Listas Estáticas Sequenciais,Listas Estáticas,Árvores BInárias de Busca Balanceadas,Árvores Binárias,Percursos em Árvores Binárias,Pilhas Dinâmicas,Listas Dinâmicas Duplamente Encadeadas Circulares,Pilhas Estáticas,Pilhas,Aplicações de Pilhas,Listas Dinâmicas Simplesmente Encadeadas Circulares,Recursividade,Regular
Aplicações de Pilhas,Listas Estáticas Sequenciais,Listas,Listas Dinâmicas Duplamente Encadeadas Circulares,Listas Dinâmicas,Listas Dinâmicas Simplesmente Encadeadas,Pilhas,Filas,Filas de Prioridade,Percursos em Árvores Binárias,Árvores BInárias de Busca Balanceadas,Aplicações de Filas,Listas Dinâmicas Duplamente Encadeadas,Árvores Binárias,Listas Estáticas,Filas Estáticas,Listas Estáticas Circulares,Árvores Binárias de Busca,Listas Estáticas Encadeadas,Filas Dinâmicas,Pilhas Dinâmicas,Recursividade,Pilhas Estáticas,Listas Dinâmicas Simplesmente Encadeadas Circulares,Tipos Abstratos de Dados,Ótimo
Filas,Listas Estáticas Circulares,Listas Dinâmicas Duplamente Encadeadas Circulares,Aplicações de Pilhas,Recursividade,Tipos Abstratos de Dados,Pilhas,Aplicações de Filas,Listas Dinâmicas Simplesmente Encadeadas Circulares,Árvores Binárias,Listas Estáticas,Listas Estáticas Sequenciais,Árvores Binárias de Busca,Percursos em Árvores Binárias,Listas Dinâmicas,Listas Estáticas Encadeadas,Árvores BInárias de Busca Balanceadas,Listas Dinâmicas Simplesmente Encadeadas,Pilhas Dinâmicas,Listas,Filas de Prioridade,Listas Dinâmicas Duplamente Encadeadas,Filas Dinâmicas,Filas Estáticas,Pilhas Estáticas,Péssimo
Listas,Listas Dinâmicas Simplesmente Encadeadas,Listas Estáticas Encadeadas,Recursividade,Pilhas,Árvores Binárias de Busca,Árvores Binárias,Árvores BInárias de Busca Balanceadas,Listas Dinâmicas Simplesmente Encadeadas Circulares,Aplicações de Pilhas,Pilhas Estáticas,Filas Estáticas,Listas Estáticas Sequenciais,Aplicações de Filas,Listas Estáticas Circulares,Filas de Prioridade,Filas,Pilhas Dinâmicas,Listas Dinâmicas Duplamente Encadeadas,Tipos Abstratos de Dados,Filas Dinâmicas,Listas Estáticas,Listas Dinâmicas,Percursos em Árvores Binárias,Listas Dinâmicas Duplamente Encadeadas Circulares,Ruim
Filas Dinâmicas,Árvores BInárias de Busca Balanceadas,Aplicações de Filas,Filas de Prioridade,Pilhas Estáticas,Listas Dinâmicas Duplamente Encadeadas,Recursividade,Pilhas,Aplicações de Pilhas,Percursos em Árvores Binárias,Filas,Tipos Abstratos de Dados,Árvores Binárias de Busca,Pilhas Dinâmicas,Listas Estáticas Circulares,Listas Dinâmicas Simplesmente Encadeadas,Listas Estáticas,Listas,Listas Dinâmicas Simplesmente Encadeadas Circulares,Listas Dinâmicas Duplamente Encadeadas Circulares,Listas Estáticas Encadeadas,Árvores Binárias,Listas Dinâmicas,Filas Estáticas,Listas Estáticas Sequenciais,Péssimo
Listas Dinâmicas Duplamente Encadeadas,Tipos Abstratos de Dados,Percursos em Árvores Binárias,Pilhas Estáticas,Árvores Binárias,Listas Estáticas Circulares,Listas,Listas Estáticas Encadeadas,Pilhas Dinâmicas,Árvores Binárias de Busca,Filas de Prioridade,Aplicações de Pilhas,Listas Dinâmicas Simplesmente Encadeadas Circulares,Aplicações de Filas,Filas Dinâmicas,Listas Dinâmicas Simplesmente Encadeadas,Listas Dinâmicas Duplamente Encadeadas Circulares,Listas Estáticas Sequenciais,Recursividade,Árvores BInárias de Busca Balanceadas,Filas,Pilhas,Filas Estáticas,Listas Dinâmicas,Listas Estáticas,Bom
Listas Dinâmicas Duplamente Encadeadas,Listas,Filas Dinâmicas,Listas Dinâmicas Simplesmente Encadeadas Circulares,Árvores BInárias de Busca Balanceadas,Recursividade,Listas Estáticas Circulares,Tipos Abstratos de Dados,Aplicações de Filas,Percursos em Árvores Binárias,Listas Dinâmicas Duplamente Encadeadas Circulares,Filas de Prioridade,Árvores Binárias de Busca,Listas Dinâmicas,Pilhas Estáticas,Listas Dinâmicas Simplesmente Encadeadas,Filas Estáticas,Aplicações de Pilhas,Pilhas,Listas Estáticas Encadeadas,Listas Estáticas,Filas,Pilhas Dinâmicas,Listas Estáticas Sequenciais,Árvores Binárias,Ruim
Listas Estáticas,Listas Dinâmicas Simplesmente Encadeadas Circulares,Listas Estáticas Sequenciais,Listas Dinâmicas Duplamente Encadeadas,Árvores BInárias de Busca Balanceadas,Pilhas Dinâmicas,Filas Estáticas,Listas Dinâmicas,Filas Dinâmicas,Aplicações de Pilhas,Pilhas Estáticas,Tipos Abstratos de Dados,Listas,Pilhas,Percursos em Árvores Binárias,Filas,Listas Dinâmicas Duplamente Encadeadas Circulares,Árvores Binárias de Busca,Árvores Binárias,Filas de Prioridade,Listas Estáticas Circulares,Recursividade,Listas Estáticas Encadeadas,Aplicações de Filas,Listas Dinâmicas Simplesmente Encadeadas,Péssimo
Listas Estáticas Encadeadas,Árvores Binárias,Pilhas,Pilhas Estáticas,Pilhas Dinâmicas,Filas de Prioridade,Tipos Abstratos de Dados,Filas Estáticas,Recursividade,Percursos em Árvores Binárias,Aplicações de Filas,Listas,Listas Dinâmicas Simplesmente Encadeadas,Árvores Binárias de Busca,Listas Estáticas Sequenciais,Listas Estáticas Circulares,Listas Dinâmicas Duplamente Encadeadas Circulares,Listas Dinâmicas Duplamente Encadeadas,Aplicações de Pilhas,Listas Dinâmicas,Árvores BInárias de Busca Balanceadas,Filas Dinâmicas,Filas,Listas Estáticas,Listas Dinâmicas Simplesmente Encadeadas Circulares,Bom
Tipos Abstratos de Dados,Listas Dinâmicas Simplesmente Encadeadas,Aplicações de Filas,Listas Dinâmicas Duplamente Encadeadas,Pilhas Estáticas,Recursividade,Listas Estáticas Sequenciais,Filas,Listas Estáticas,Pilhas Dinâmicas,Aplicações de Pilhas,Árvores Binárias de Busca,Listas,Listas Dinâmicas Simplesmente Encadeadas Circulares,Listas Estáticas Circulares,Listas Dinâmicas,Listas Estáticas Encadeadas,Filas Estáticas,Pilhas,Árvores BInárias de Busca Balanceadas,Filas de Prioridade,Filas Dinâmicas,Percursos em Árvores Binárias,Listas Dinâmicas Duplamente Encadeadas Circulares,Árvores Binárias,Bom
Recursividade,Filas Dinâmicas,Árvores Binárias de Busca,Listas Estáticas Encadeadas,Filas,Pilhas Dinâmicas,Filas Estáticas,Listas,Árvores BInárias de Busca Balanceadas,Árvores Binárias,Listas Dinâmicas,Listas Dinâmicas Duplamente Encadeadas Circulares,Pilhas Estáticas,Listas Estáticas,Listas Estáticas Circulares,Pilhas,Aplicações de Filas,Listas Dinâmicas Simplesmente Encadeadas Circulares,Tipos Abstratos de Dados,Percursos em Árvores Binárias,Listas Estáticas Sequenciais,Filas de Prioridade,Listas Dinâmicas Simplesmente Encadeadas,Listas Dinâmicas Duplamente Encadeadas,Aplicações de Pilhas,Ótimo
Listas Estáticas Sequenciais,Listas,Filas,Árvores BInárias de Busca Balanceadas,Filas Estáticas,Listas Dinâmicas Simplesmente Encadeadas Circulares,Recursividade,Filas de Prioridade,Filas Dinâmicas,Pilhas Estáticas,Listas Dinâmicas Duplamente Encadeadas,Pilhas Dinâmicas,Aplicações de Pilhas,Pilhas,Listas Estáticas,Listas Dinâmicas Duplamente Encadeadas Circulares,Listas Dinâmicas,Árvores Binárias,Listas Estáticas Circulares,Tipos Abstratos de Dados,Aplicações de Filas,Listas Dinâmicas Simplesmente Encadeadas,Listas Estáticas Encadeadas,Percursos em Árvores Binárias,Árvores Binárias de Busca,Regular
Listas Dinâmicas Simplesmente Encadeadas Circulares,Listas,Pilhas,Percursos em Árvores Binárias,Filas de Prioridade,Filas Dinâmicas,Tipos Abstratos de Dados,Listas Estáticas Encadeadas,Listas Dinâmicas Simplesmente Encadeadas,Filas,Aplicações de Pilhas,Pilhas Dinâmicas,Recursividade,Listas Dinâmicas Duplamente Encadeadas Circulares,Árvores Binárias,Filas Estáticas,Listas Dinâmicas Duplamente Encadeadas,Aplicações de Filas,Pilhas Estáticas,Listas Estáticas,Listas Estáticas Sequenciais,Listas Estáticas Circulares,Árvores Binárias de Busca,Árvores BInárias de Busca Balanceadas,Listas Dinâmicas,Bom
Listas Dinâmicas Duplamente Encadeadas,Filas de Prioridade,Listas Dinâmicas Simplesmente Encadeadas,Recursividade,Aplicações de Pilhas,Árvores Binárias,Listas Estáticas Sequenciais,Listas Dinâmicas Simplesmente Encadeadas Circulares,Listas,Tipos Abstratos de Dados,Percursos em Árvores Binárias,Listas Dinâmicas,Aplicações de Filas,Filas,Listas Estáticas Circulares,Filas Estáticas,Listas Estáticas Encadeadas,Pilhas Dinâmicas,Árvores BInárias de Busca Balanceadas,Filas Dinâmicas,Árvores Binárias de Busca,Listas Estáticas,Pilhas,Listas Dinâmicas Duplamente Encadeadas Circulares,Pilhas Estáticas,Bom
Listas Dinâmicas Simplesmente Encadeadas,Filas,Listas Estáticas Sequenciais,Filas Dinâmicas,Pilhas,Listas Dinâmicas Duplamente Encadeadas,Listas Dinâmicas,Árvores BInárias de Busca Balanceadas,Aplicações de Pilhas,Listas Estáticas Encadeadas,Recursividade,Filas de Prioridade,Tipos Abstratos de Dados,Pilhas Estáticas,Listas Estáticas,Árvores Binárias de Busca,Listas Estáticas Circulares,Pilhas Dinâmicas,Listas Dinâmicas Duplamente Encadeadas Circulares,Aplicações de Filas,Árvores Binárias,Listas Dinâmicas Simplesmente Encadeadas Circulares,Percursos em Árvores Binárias,Listas,Filas Estáticas,Ótimo
Pilhas,Pilhas Estáticas,Filas Dinâmicas,Listas Estáticas Sequenciais,Aplicações de Pilhas,Listas Dinâmicas,Tipos Abstratos de Dados,Listas Estáticas Encadeadas,Recursividade,Listas Estáticas Circulares,Listas Dinâmicas Duplamente Encadeadas,Filas,Listas Dinâmicas Simplesmente Encadeadas,Listas Dinâmicas Simplesmente Encadeadas Circulares,Aplicações de Filas,Árvores Binárias,Árvores BInárias de Busca Balanceadas,Percursos em Árvores Binárias,Filas Estáticas,Listas Dinâmicas Duplamente Encadeadas Circulares,Listas Estáticas,Árvores Binárias de Busca,Pilhas Dinâmicas,Listas,Filas de Prioridade,Bom
Aplicações de Pilhas,Filas de Prioridade,Recursividade,Listas Dinâmicas Simplesmente Encadeadas,Listas Dinâmicas,Pilhas,Filas Estáticas,Filas Dinâmicas,Tipos Abstratos de Dados,Percursos em Árvores Binárias,Listas Estáticas,Listas Estáticas Sequenciais,Pilhas Dinâmicas,Árvores Binárias de Busca,Listas Dinâmicas Duplamente Encadeadas,Listas Estáticas Encadeadas,Aplicações de Filas,Pilhas Estáticas,Listas Dinâmicas Simplesmente Encadeadas Circulares,Filas,Árvores Binárias,Árvores BInárias de Busca Balanceadas,Listas Dinâmicas Duplamente Encadeadas Circulares,Listas,Listas Estáticas Circulares,Ótimo
Árvores Binárias,Filas,Listas Dinâmicas Duplamente Encadeadas Circulares,Listas Dinâmicas,Recursividade,Tipos Abstratos de Dados,Árvores BInárias de Busca Balanceadas,Aplicações de Filas,Filas Dinâmicas,Pilhas Dinâmicas,Listas Estáticas Circulares,Listas Estáticas,Árvores Binárias de Busca,Listas Dinâmicas Simplesmente Encadeadas Circulares,Filas de Prioridade,Percursos em Árvores Binárias,Pilhas,Filas Estáticas,Pilhas Estáticas,Aplicações de Pilhas,Listas Dinâmicas Simplesmente Encadeadas,Listas,Listas Estáticas Encadeadas,Listas Estáticas Sequenciais,Listas Dinâmicas Duplamente Encadeadas,Ótimo
Listas Estáticas,Pilhas Dinâmicas,Listas Estáticas Circulares,Árvores Binárias,Listas,Listas Dinâmicas Simplesmente Encadeadas,Árvores BInárias de Busca Balanceadas,Filas de Prioridade,Aplicações de Filas,Árvores Binárias de Busca,Aplicações de Pilhas,Listas Dinâmicas Duplamente Encadeadas Circulares,Tipos Abstratos de Dados,Listas Dinâmicas Simplesmente Encadeadas Circulares,Listas Dinâmicas,Listas Dinâmicas Duplamente Encadeadas,Recursividade,Filas Dinâmicas,Listas Estáticas Encadeadas,Filas,Pilhas Estáticas,Filas Estáticas,Pilhas,Listas Estáticas Sequenciais,Percursos em Árvores Binárias,Ótimo
Listas Dinâmicas Duplamente Encadeadas,Listas Estáticas Circulares,Árvores Binárias,Listas Dinâmicas Simplesmente Encadeadas,Listas Dinâmicas,Recursividade,Tipos Abstratos de Dados,Árvores BInárias de Busca Balanceadas,Percursos em Árvores Binárias,Filas Dinâmicas,Pilhas Dinâmicas,Árvores Binárias de Busca,Filas de Prioridade,Listas Dinâmicas Simplesmente Encadeadas Circulares,Filas,Listas Estáticas Encadeadas,Aplicações de Pilhas,Filas Estáticas,Listas Estáticas Sequenciais,Listas Dinâmicas Duplamente Encadeadas Circulares,Aplicações de Filas,Pilhas Estáticas,Listas Estáticas,Pilhas,Listas,Ruim
Aplicações de Filas,Aplicações de Pilhas,Listas Estáticas Circulares,Listas Estáticas Sequenciais,Filas Dinâmicas,Pilhas,Listas Dinâmicas Duplamente Encadeadas Circulares,Árvores BInárias de Busca Balanceadas,Árvores Binárias de Busca,Listas,Filas de Prioridade,Recursividade,Filas Estáticas,Filas,Pilhas Dinâmicas,Árvores Binárias,Listas Estáticas Encadeadas,Tipos Abstratos de Dados,Percursos em Árvores Binárias,Listas Dinâmicas Simplesmente Encadeadas Circulares,Listas Estáticas,Listas Dinâmicas Simplesmente Encadeadas,Listas Dinâmicas Duplamente Encadeadas,Pilhas Estáticas,Listas Dinâmicas,Regular
Aplicações de Filas,Listas Estáticas Circulares,Listas Dinâmicas Duplamente Encadeadas,Listas Dinâmicas,Listas Dinâmicas Simplesmente Encadeadas Circulares,Listas Dinâmicas Duplamente Encadeadas Circulares,Pilhas Estáticas,Tipos Abstratos de Dados,Árvores Binárias de Busca,Filas Dinâmicas,Percursos em Árvores Binárias,Pilhas Dinâmicas,Árvores Binárias,Listas Dinâmicas Simplesmente Encadeadas,Recursividade,Listas Estáticas,Listas Estáticas Encadeadas,Árvores BInárias de Busca Balanceadas,Aplicações de Pilhas,Filas de Prioridade,Listas Estáticas Sequenciais,Filas Estáticas,Pilhas,Listas,Filas,Ótimo
Filas,Listas,Aplicações de Filas,Listas Dinâmicas Simplesmente Encadeadas Circulares,Recursividade,Listas Estáticas,Filas Dinâmicas,Filas Estáticas,Árvores Binárias de Busca,Listas Dinâmicas Simplesmente Encadeadas,Pilhas Dinâmicas,Tipos Abstratos de Dados,Listas Estáticas Encadeadas,Listas Dinâmicas Duplamente Encadeadas Circulares,Listas Dinâmicas Duplamente Encadeadas,Pilhas Estáticas,Listas Estáticas Circulares,Percursos em Árvores Binárias,Aplicações de Pilhas,Listas Dinâmicas,Pilhas,Listas Estáticas Sequenciais,Árvores Binárias,Árvores BInárias de Busca Balanceadas,Filas de Prioridade,Regular
Listas Estáticas,Árvores Binárias de Busca,Recursividade,Listas Dinâmicas Duplamente Encadeadas Circulares,Listas Dinâmicas Duplamente Encadeadas,Listas Dinâmicas,Listas Estáticas Sequenciais,Filas Dinâmicas,Tipos Abstratos de Dados,Listas Estáticas Encadeadas,Pilhas Dinâmicas,Percursos em Árvores Binárias,Listas Estáticas Circulares,Listas Dinâmicas Simplesmente Encadeadas,Listas,Árvores Binárias,Aplicações de Pilhas,Árvores BInárias de Busca Balanceadas,Pilhas Estáticas,Listas Dinâmicas Simplesmente Encadeadas Circulares,Filas de Prioridade,Aplicações de Filas,Filas Estáticas,Filas,Pilhas,Péssimo
Filas Dinâmicas,Percursos em Árvores Binárias,Pilhas Estáticas,Listas Estáticas Encadeadas,Listas Dinâmicas,Listas,Listas Estáticas Circulares,Filas de Prioridade,Filas Estáticas,Listas Estáticas,Pilhas,Listas Dinâmicas Duplamente Encadeadas Circulares,Recursividade,Listas Estáticas Sequenciais,Árvores BInárias de Busca Balanceadas,Aplicações de Filas,Filas,Árvores Binárias de Busca,Tipos Abstratos de Dados,Listas Dinâmicas Simplesmente Encadeadas Circulares,Listas Dinâmicas Duplamente Encadeadas,Listas Dinâmicas Simplesmente Encadeadas,Árvores Binárias,Pilhas Dinâmicas,Aplicações de Pilhas,Péssimo
Pilhas,Listas,Listas Estáticas Encadeadas,Filas,Filas Dinâmicas,Árvores BInárias de Busca Balanceadas,Listas Estáticas Sequenciais,Listas Dinâmicas Simplesmente Encadeadas,Listas Estáticas Circulares,Percursos em Árvores Binárias,Listas Dinâmicas Duplamente Encadeadas,Listas Dinâmicas Duplamente Encadeadas Circulares,Filas Estáticas,Árvores Binárias de Busca,Pilhas Estáticas,Árvores Binárias,Aplicações de Pilhas,Filas de Prioridade,Pilhas Dinâmicas,Tipos Abstratos de Dados,Recursividade,Listas Estáticas,Listas Dinâmicas,Aplicações de Filas,Listas Dinâmicas Simplesmente Encadeadas Circulares,Ótimo
Listas Dinâmicas,Pilhas Dinâmicas,Listas Estáticas,Filas Estáticas,Percursos em Árvores Binárias,Filas Dinâmicas,Aplicações de Filas,Pilhas Estáticas,Listas Dinâmicas Simplesmente Encadeadas,Listas Estáticas Encadeadas,Tipos Abstratos de Dados,Recursividade,Árvores BInárias de Busca Balanceadas,Filas de Prioridade,Árvores Binárias de Busca,Listas,Listas Dinâmicas Duplamente Encadeadas,Aplicações de Pilhas,Filas,Árvores Binárias,Pilhas,Listas Dinâmicas Simplesmente Encadeadas Circulares,Listas Dinâmicas Duplamente Encadeadas Circulares,Listas Estáticas Circulares,Listas Estáticas Sequenciais,Ruim
Listas Dinâmicas Duplamente Encadeadas,Filas de Prioridade,Filas Estáticas,Aplicações de Filas,Listas Dinâmicas Duplamente Encadeadas Circulares,Aplicações de Pilhas,Pilhas Dinâmicas,Tipos Abstratos de Dados,Árvores BInárias de Busca Balanceadas,Pilhas Estáticas,Recursividade,Filas,Árvores Binárias de Busca,Árvores Binárias,Filas Dinâmicas,Listas Estáticas Circulares,Percursos em Árvores Binárias,Listas Estáticas Sequenciais,Listas Estáticas Encadeadas,Listas Dinâmicas,Pilhas,Listas Estáticas,Listas Dinâmicas Simplesmente Encadeadas,Listas,Listas Dinâmicas Simplesmente Encadeadas Circulares,Regular
Listas Dinâmicas Duplamente Encadeadas,Listas Estáticas Sequenciais,Árvores BInárias de Busca Balanceadas,Listas Dinâmicas Simplesmente Encadeadas,Pilhas,Árvores Binárias,Recursividade,Listas Dinâmicas,Tipos Abstratos de Dados,Aplicações de Filas,Listas,Listas Dinâmicas Simplesmente Encadeadas Circulares,Percursos em Árvores Binárias,Pilhas Dinâmicas,Listas Estáticas,Filas Dinâmicas,Listas Estáticas Encadeadas,Pilhas Estáticas,Listas Dinâmicas Duplamente Encadeadas Circulares,Árvores Binárias de Busca,Filas Estáticas,Aplicações de Pilhas,Listas Estáticas Circulares,Filas de Prioridade,Filas,Péssimo
Filas Estáticas,Pilhas Estáticas,Filas,Árvores BInárias de Busca Balanceadas,Aplicações de Pilhas,Percursos em Árvores Binárias,Filas de Prioridade,Listas Dinâmicas Simplesmente Encadeadas Circulares,Listas Estáticas Encadeadas,Listas Dinâmicas Duplamente Encadeadas,Listas Estáticas Circulares,Listas Estáticas,Árvores Binárias,Listas Dinâmicas Simplesmente Encadeadas,Aplicações de Filas,Pilhas Dinâmicas,Recursividade,Tipos Abstratos de Dados,Listas Dinâmicas,Filas Dinâmicas,Listas,Árvores Binárias de Busca,Listas Dinâmicas Duplamente Encadeadas Circulares,Listas Estáticas Sequenciais,Pilhas,Péssimo
Filas Dinâmicas,Aplicações de Filas,Listas Estáticas Sequenciais,Listas Dinâmicas,Listas Estáticas Encadeadas,Recursividade,Listas Dinâmicas Simplesmente Encadeadas Circulares,Pilhas Estáticas,Pilhas,Árvores BInárias de Busca Balanceadas,Árvores Binárias de Busca,Filas Estáticas,Listas,Aplicações de Pilhas,Pilhas Dinâmicas,Árvores Binárias,Filas de Prioridade,Listas Estáticas,Listas Dinâmicas Duplamente Encadeadas,Listas Dinâmicas Duplamente Encadeadas Circulares,Tipos Abstratos de Dados,Listas Estáticas Circulares,Listas Dinâmicas Simplesmente Encadeadas,Filas,Percursos em Árvores Binárias,Ótimo
Pilhas,Árvores BInárias de Busca Balanceadas,Listas Dinâmicas Duplamente Encadeadas Circulares,Listas Estáticas,Filas,Aplicações de Pilhas,Listas Estáticas Sequenciais,Árvores Binárias,Árvores Binárias de Busca,Pilhas Estáticas,Filas de Prioridade,Filas Dinâmicas,Tipos Abstratos de Dados,Listas Dinâmicas,Listas Dinâmicas Simplesmente Encadeadas Circulares,Listas Dinâmicas Simplesmente Encadeadas,Aplicações de Filas,Percursos em Árvores Binárias,Listas Dinâmicas Duplamente Encadeadas,Recursividade,Filas Estáticas,Listas Estáticas Circulares,Pilhas Dinâmicas,Listas Estáticas Encadeadas,Listas,Ótimo
Pilhas Dinâmicas,Filas Estáticas,Aplicações de Filas,Listas Estáticas Encadeadas,Filas de Prioridade,Listas Dinâmicas Simplesmente Encadeadas,Filas Dinâmicas,Listas Dinâmicas Duplamente Encadeadas Circulares,Árvores Binárias,Listas Estáticas Sequenciais,Árvores BInárias de Busca Balanceadas,Filas,Árvores Binárias de Busca,Listas Dinâmicas,Pilhas Estáticas,Tipos Abstratos de Dados,Recursividade,Aplicações de Pilhas,Listas Estáticas,Pilhas,Listas Dinâmicas Simplesmente Encadeadas Circulares,Listas Estáticas Circulares,Listas,Percursos em Árvores Binárias,Listas Dinâmicas Duplamente Encadeadas,Ótimo
Listas Estáticas Encadeadas,Listas Dinâmicas Duplamente Encadeadas,Listas Estáticas,Listas Dinâmicas Duplamente Encadeadas Circulares,Filas,Listas Dinâmicas Simplesmente Encadeadas Circulares,Aplicações de Filas,Recursividade,Filas Estáticas,Percursos em Árvores Binárias,Listas Estáticas Sequenciais,Árvores Binárias,Aplicações de Pilhas,Listas Dinâmicas,Listas,Listas Dinâmicas Simplesmente Encadeadas,Listas Estáticas Circulares,Pilhas,Pilhas Estáticas,Árvores Binárias de Busca,Filas Dinâmicas,Árvores BInárias de Busca Balanceadas,Tipos Abstratos de Dados,Pilhas Dinâmicas,Filas de Prioridade,Ótimo
Árvores Binárias,Recursividade,Pilhas Dinâmicas,Filas,Filas Estáticas,Aplicações de Filas,Percursos em Árvores Binárias,Listas Dinâmicas Duplamente Encadeadas Circulares,Listas Dinâmicas,Pilhas,Listas,Listas Dinâmicas Simplesmente Encadeadas Circulares,Listas Estáticas Circulares,Filas Dinâmicas,Listas Estáticas Sequenciais,Listas Estáticas,Aplicações de Pilhas,Árvores BInárias de Busca Balanceadas,Filas de Prioridade,Listas Dinâmicas Duplamente Encadeadas,Listas Estáticas Encadeadas,Pilhas Estáticas,Listas Dinâmicas Simplesmente Encadeadas,Tipos Abstratos de Dados,Árvores Binárias de Busca,Ótimo
Listas Dinâmicas Duplamente Encadeadas Circulares,Árvores BInárias de Busca Balanceadas,Filas Estáticas,Listas Estáticas Circulares,Listas Estáticas Encadeadas,Tipos Abstratos de Dados,Listas Dinâmicas Simplesmente Encadeadas Circulares,Árvores Binárias,Filas de Prioridade,Percursos em Árvores Binárias,Pilhas,Listas Estáticas Sequenciais,Listas Dinâmicas Simplesmente Encadeadas,Listas Dinâmicas,Pilhas Estáticas,Aplicações de Filas,Filas,Árvores Binárias de Busca,Pilhas Dinâmicas,Filas Dinâmicas,Recursividade,Listas Estáticas,Listas Dinâmicas Duplamente Encadeadas,Aplicações de Pilhas,Listas,Regular
Filas,Pilhas,Listas Dinâmicas Simplesmente Encadeadas,Aplicações de Filas,Pilhas Dinâmicas,Listas Estáticas Encadeadas,Listas Estáticas Circulares,Percursos em Árvores Binárias,Filas de Prioridade,Árvores Binárias,Filas Estáticas,Listas Estáticas Sequenciais,Aplicações de Pilhas,Árvores BInárias de Busca Balanceadas,Listas Dinâmicas Duplamente Encadeadas,Recursividade,Listas,Listas Dinâmicas,Listas Dinâmicas Duplamente Encadeadas Circulares,Tipos Abstratos de Dados,Filas Dinâmicas,Pilhas Estáticas,Listas Dinâmicas Simplesmente Encadeadas Circulares,Árvores Binárias de Busca,Listas Estáticas,Bom
Filas Estáticas,Listas Dinâmicas Duplamente Encadeadas,Listas,Árvores BInárias de Busca Balanceadas,Filas de Prioridade,Listas Dinâmicas Duplamente Encadeadas Circulares,Tipos Abstratos de Dados,Listas Estáticas,Listas Estáticas Sequenciais,Árvores Binárias,Listas Estáticas Circulares,Listas Dinâmicas Simplesmente Encadeadas Circulares,Recursividade,Listas Estáticas Encadeadas,Árvores Binárias de Busca,Listas Dinâmicas Simplesmente Encadeadas,Filas Dinâmicas,Listas Dinâmicas,Pilhas Dinâmicas,Aplicações de Filas,Pilhas,Aplicações de Pilhas,Pilhas Estáticas,Percursos em Árvores Binárias,Filas,Péssimo
Listas Dinâmicas Duplamente Encadeadas,Pilhas,Árvores Binárias,Listas Estáticas Sequenciais,Tipos Abstratos de Dados,Listas Estáticas Encadeadas,Filas Dinâmicas,Listas Estáticas,Aplicações de Pilhas,Listas Dinâmicas Simplesmente Encadeadas,Listas Dinâmicas,Filas de Prioridade,Filas,Aplicações de Filas,Listas Dinâmicas Duplamente Encadeadas Circulares,Listas Dinâmicas Simplesmente Encadeadas Circulares,Listas Estáticas Circulares,Árvores BInárias de Busca Balanceadas,Recursividade,Listas,Pilhas Estáticas,Pilhas Dinâmicas,Árvores Binárias de Busca,Percursos em Árvores Binárias,Filas Estáticas,Regular
Listas Estáticas Encadeadas,Filas de Prioridade,Filas Estáticas,Listas Estáticas Sequenciais,Listas Dinâmicas Duplamente Encadeadas,Listas Dinâmicas Simplesmente Encadeadas Circulares,Filas,Listas Dinâmicas Duplamente Encadeadas Circulares,Filas Dinâmicas,Árvores BInárias de Busca Balanceadas,Percursos em Árvores Binárias,Tipos Abstratos de Dados,Árvores Binárias,Listas Estáticas Circulares,Listas Dinâmicas,Listas Dinâmicas Simplesmente Encadeadas,Listas Estáticas,Pilhas Dinâmicas,Pilhas,Árvores Binárias de Busca,Pilhas Estáticas,Listas,Aplicações de Filas,Aplicações de Pilhas,Recursividade,Regular
Listas Dinâmicas,Recursividade,Aplicações de Filas,Aplicações de Pilhas,Pilhas Estáticas,Listas Dinâmicas Simplesmente Encadeadas Circulares,Listas Estáticas,Listas Dinâmicas Duplamente Encadeadas Circulares,Árvores Binárias de Busca,Listas Estáticas Encadeadas,Filas Estáticas,Listas Dinâmicas Duplamente Encadeadas,Listas,Pilhas Dinâmicas,Tipos Abstratos de Dados,Pilhas,Listas Estáticas Circulares,Listas Estáticas Sequenciais,Filas Dinâmicas,Árvores BInárias de Busca Balanceadas,Filas,Árvores Binárias,Percursos em Árvores Binárias,Listas Dinâmicas Simplesmente Encadeadas,Filas de Prioridade,Regular
Listas Dinâmicas,Filas Estáticas,Pilhas Estáticas,Listas Estáticas,Listas Estáticas Encadeadas,Listas Dinâmicas Duplamente Encadeadas,Aplicações de Pilhas,Árvores Binárias de Busca,Pilhas,Tipos Abstratos de Dados,Filas de Prioridade,Listas Dinâmicas Duplamente Encadeadas Circulares,Listas Estáticas Sequenciais,Percursos em Árvores Binárias,Pilhas Dinâmicas,Listas,Recursividade,Árvores BInárias de Busca Balanceadas,Árvores Binárias,Listas Dinâmicas Simplesmente Encadeadas Circulares,Filas Dinâmicas,Filas,Listas Estáticas Circulares,Aplicações de Filas,Listas Dinâmicas Simplesmente Encadeadas,Bom
Pilhas Estáticas,Listas Dinâmicas Simplesmente Encadeadas,Listas Dinâmicas Duplamente Encadeadas Circulares,Recursividade,Listas Estáticas Sequenciais,Listas Estáticas,Listas Dinâmicas Simplesmente Encadeadas Circulares,Árvores BInárias de Busca Balanceadas,Árvores Binárias,Tipos Abstratos de Dados,Pilhas,Aplicações de Filas,Listas Estáticas Encadeadas,Listas Dinâmicas Duplamente Encadeadas,Percursos em Árvores Binárias,Pilhas Dinâmicas,Filas de Prioridade,Filas Dinâmicas,Filas,Listas,Aplicações de Pilhas,Listas Estáticas Circulares,Listas Dinâmicas,Filas Estáticas,Árvores Binárias de Busca,Ótimo
Aplicações de Pilhas,Listas Estáticas Encadeadas,Listas Dinâmicas Duplamente Encadeadas,Listas Estáticas Circulares,Filas de Prioridade,Listas,Tipos Abstratos de Dados,Listas Estáticas,Listas Dinâmicas Duplamente Encadeadas Circulares,Listas Dinâmicas,Recursividade,Árvores Binárias de Busca,Filas Estáticas,Pilhas Estáticas,Listas Dinâmicas Simplesmente Encadeadas,Árvores Binárias,Pilhas,Aplicações de Filas,Percursos em Árvores Binárias,Pilhas Dinâmicas,Árvores BInárias de Busca Balanceadas,Filas Dinâmicas,Listas Estáticas Sequenciais,Listas Dinâmicas Simplesmente Encadeadas Circulares,Filas,Ruim
Listas Dinâmicas Duplamente Encadeadas,Árvores Binárias,Filas Estáticas,Listas Dinâmicas Duplamente Encadeadas Circulares,Listas Dinâmicas Simplesmente Encadeadas,Tipos Abstratos de Dados,Pilhas,Listas,Listas Estáticas,Pilhas Estáticas,Pilhas Dinâmicas,Listas Estáticas Encadeadas,Listas Dinâmicas,Listas Estáticas Circulares,Listas Dinâmicas Simplesmente Encadeadas Circulares,Árvores Binárias de Busca,Filas,Filas de Prioridade,Recursividade,Aplicações de Pilhas,Árvores BInárias de Busca Balanceadas,Filas Dinâmicas,Listas Estáticas Sequenciais,Percursos em Árvores Binárias,Aplicações de Filas,Ótimo
Aplicações de Filas,Tipos Abstratos de Dados,Listas Estáticas Circulares,Listas Dinâmicas Simplesmente Encadeadas Circulares,Árvores Binárias,Recursividade,Pilhas Dinâmicas,Aplicações de Pilhas,Pilhas,Pilhas Estáticas,Filas de Prioridade,Listas Estáticas Sequenciais,Listas Dinâmicas Simplesmente Encadeadas,Filas Dinâmicas,Filas Estáticas,Árvores BInárias de Busca Balanceadas,Listas Estáticas Encadeadas,Listas Estáticas,Filas,Listas Dinâmicas,Árvores Binárias de Busca,Percursos em Árvores Binárias,Listas Dinâmicas Duplamente Encadeadas Circulares,Listas,Listas Dinâmicas Duplamente Encadeadas,Bom
Aplicações de Pilhas,Percursos em Árvores Binárias,Árvores Binárias de Busca,Listas,Filas de Prioridade,Filas,Tipos Abstratos de Dados,Listas Estáticas Circulares,Listas Estáticas,Árvores Binárias,Listas Dinâmicas Simplesmente Encadeadas Circulares,Listas Dinâmicas,Listas Dinâmicas Simplesmente Encadeadas,Listas Dinâmicas Duplamente Encadeadas,Aplicações de Filas,Listas Estáticas Encadeadas,Filas Estáticas,Listas Estáticas Sequenciais,Recursividade,Pilhas Dinâmicas,Pilhas,Listas Dinâmicas Duplamente Encadeadas Circulares,Filas Dinâmicas,Árvores BInárias de Busca Balanceadas,Pilhas Estáticas,Ótimo
Listas Dinâmicas Simplesmente Encadeadas Circulares,Listas Estáticas Circulares,Pilhas,Pilhas Estáticas,Aplicações de Pilhas,Recursividade,Percursos em Árvores Binárias,Aplicações de Filas,Tipos Abstratos de Dados,Listas Dinâmicas Simplesmente Encadeadas,Filas Dinâmicas,Árvores BInárias de Busca Balanceadas,Listas,Listas Estáticas,Filas,Filas Estáticas,Listas Dinâmicas Duplamente Encadeadas Circulares,Listas Estáticas Sequenciais,Pilhas Dinâmicas,Árvores Binárias de Busca,Listas Dinâmicas,Listas Dinâmicas Duplamente Encadeadas,Listas Estáticas Encadeadas,Árvores Binárias,Filas de Prioridade,Ótimo
Listas Estáticas,Filas de Prioridade,Listas Dinâmicas,Percursos em Árvores Binárias,Listas Dinâmicas Duplamente Encadeadas,Listas Dinâmicas Duplamente Encadeadas Circulares,Listas Estáticas Circulares,Pilhas Dinâmicas,Listas Dinâmicas Simplesmente Encadeadas Circulares,Tipos Abstratos de Dados,Árvores Binárias,Pilhas,Árvores Binárias de Busca,Recursividade,Aplicações de Pilhas,Filas Dinâmicas,Listas Dinâmicas Simplesmente Encadeadas,Árvores BInárias de Busca Balanceadas,Listas Estáticas Sequenciais,Listas,Filas Estáticas,Aplicações de Filas,Pilhas Estáticas,Filas,Listas Estáticas Encadeadas,Regular
Listas Dinâmicas Duplamente Encadeadas,Listas Dinâmicas Simplesmente Encadeadas,Listas Dinâmicas Duplamente Encadeadas Circulares,Filas Estáticas,Listas Estáticas Sequenciais,Tipos Abstratos de Dados,Aplicações de Pilhas,Listas,Filas,Listas Dinâmicas Simplesmente Encadeadas Circulares,Aplicações de Filas,Listas Estáticas,Pilhas,Listas Estáticas Circulares,Árvores Binárias de Busca,Recursividade,Pilhas Dinâmicas,Pilhas Estáticas,Filas Dinâmicas,Árvores BInárias de Busca Balanceadas,Percursos em Árvores Binárias,Árvores Binárias,Listas Estáticas Encadeadas,Listas Dinâmicas,Filas de Prioridade,Ótimo
Listas Estáticas Circulares,Aplicações de Filas,Filas Estáticas,Listas Dinâmicas Simplesmente Encadeadas,Pilhas Estáticas,Filas,Filas de Prioridade,Aplicações de Pilhas,Árvores Binárias,Listas Dinâmicas Simplesmente Encadeadas Circulares,Listas Dinâmicas,Listas Dinâmicas Duplamente Encadeadas,Listas,Listas Estáticas,Tipos Abstratos de Dados,Árvores BInárias de Busca Balanceadas,Listas Dinâmicas Duplamente Encadeadas Circulares,Pilhas Dinâmicas,Recursividade,Árvores Binárias de Busca,Listas Estáticas Encadeadas,Pilhas,Percursos em Árvores Binárias,Filas Dinâmicas,Listas Estáticas Sequenciais,Regular
Listas Dinâmicas Duplamente Encadeadas Circulares,Pilhas,Filas Estáticas,Pilhas Dinâmicas,Listas Dinâmicas,Listas Estáticas Encadeadas,Listas Estáticas Sequenciais,Listas Dinâmicas Simplesmente Encadeadas,Árvores Binárias de Busca,Listas Estáticas Circulares,Tipos Abstratos de Dados,Recursividade,Filas,Aplicações de Pilhas,Árvores Binárias,Pilhas Estáticas,Listas Dinâmicas Duplamente Encadeadas,Listas Dinâmicas Simplesmente Encadeadas Circulares,Listas,Aplicações de Filas,Filas de Prioridade,Filas Dinâmicas,Árvores BInárias de Busca Balanceadas,Percursos em Árvores Binárias,Listas Estáticas,Bom
Listas Estáticas Encadeadas,Recursividade,Aplicações de Pilhas,Pilhas Estáticas,Percursos em Árvores Binárias,Listas Estáticas Sequenciais,Listas Dinâmicas Duplamente Encadeadas Circulares,Listas,Listas Estáticas,Listas Dinâmicas Simplesmente Encadeadas,Filas Estáticas,Aplicações de Filas,Pilhas,Listas Estáticas Circulares,Listas Dinâmicas,Listas Dinâmicas Simplesmente Encadeadas Circulares,Pilhas Dinâmicas,Árvores BInárias de Busca Balanceadas,Listas Dinâmicas Duplamente Encadeadas,Tipos Abstratos de Dados,Árvores Binárias,Árvores Binárias de Busca,Filas,Filas Dinâmicas,Filas de Prioridade,Ruim
Listas Dinâmicas Simplesmente Encadeadas Circulares,Árvores Binárias de Busca,Árvores Binárias,Filas de Prioridade,Pilhas Dinâmicas,Listas Dinâmicas Duplamente Encadeadas Circulares,Tipos Abstratos de Dados,Pilhas Estáticas,Pilhas,Árvores BInárias de Busca Balanceadas,Filas Dinâmicas,Percursos em Árvores Binárias,Listas Dinâmicas Simplesmente Encadeadas,Filas Estáticas,Listas Dinâmicas,Listas Dinâmicas Duplamente Encadeadas,Aplicações de Filas,Aplicações de Pilhas,Listas,Listas Estáticas,Filas,Listas Estáticas Circulares,Recursividade,Listas Estáticas Sequenciais,Listas Estáticas Encadeadas,Regular
Listas Dinâmicas Simplesmente Encadeadas,Listas Dinâmicas,Listas Dinâmicas Duplamente Encadeadas Circulares,Listas,Listas Estáticas Sequenciais,Percursos em Árvores Binárias,Tipos Abstratos de Dados,Filas de Prioridade,Filas,Listas Estáticas Circulares,Árvores BInárias de Busca Balanceadas,Pilhas,Listas Estáticas,Filas Estáticas,Listas Dinâmicas Duplamente Encadeadas,Pilhas Estáticas,Filas Dinâmicas,Pilhas Dinâmicas,Recursividade,Aplicações de Pilhas,Árvores Binárias de Busca,Aplicações de Filas,Listas Dinâmicas Simplesmente Encadeadas Circulares,Listas Estáticas Encadeadas,Árvores Binárias,Ruim
Listas Dinâmicas,Listas Dinâmicas Duplamente Encadeadas,Filas Dinâmicas,Listas Estáticas Sequenciais,Listas Dinâmicas Simplesmente Encadeadas Circulares,Listas,Listas Estáticas Encadeadas,Aplicações de Filas,Aplicações de Pilhas,Pilhas,Listas Dinâmicas Duplamente Encadeadas Circulares,Árvores BInárias de Busca Balanceadas,Recursividade,Pilhas Estáticas,Percursos em Árvores Binárias,Listas Estáticas Circulares,Filas de Prioridade,Pilhas Dinâmicas,Filas Estáticas,Tipos Abstratos de Dados,Listas Dinâmicas Simplesmente Encadeadas,Árvores Binárias de Busca,Filas,Listas Estáticas,Árvores Binárias,Péssimo
Árvores BInárias de Busca Balanceadas,Listas Dinâmicas Simplesmente Encadeadas Circulares,Listas,Listas Dinâmicas,Listas Estáticas Circulares,Pilhas Estáticas,Listas Estáticas Encadeadas,Listas Estáticas,Pilhas Dinâmicas,Aplicações de Filas,Filas de Prioridade,Filas Estáticas,Filas,Recursividade,Árvores Binárias de Busca,Aplicações de Pilhas,Árvores Binárias,Listas Estáticas Sequenciais,Tipos Abstratos de Dados,Listas Dinâmicas Simplesmente Encadeadas,Listas Dinâmicas Duplamente Encadeadas,Listas Dinâmicas Duplamente Encadeadas Circulares,Percursos em Árvores Binárias,Pilhas,Filas Dinâmicas,Ruim
Pilhas Dinâmicas,Tipos Abstratos de Dados,Listas,Árvores Binárias,Listas Dinâmicas,Listas Dinâmicas Duplamente Encadeadas,Percursos em Árvores Binárias,Listas Estáticas Circulares,Listas Estáticas,Listas Estáticas Sequenciais,Listas Dinâmicas Simplesmente Encadeadas,Pilhas,Listas Estáticas Encadeadas,Listas Dinâmicas Duplamente Encadeadas Circulares,Filas,Filas Dinâmicas,Aplicações de Filas,Aplicações de Pilhas,Recursividade,Listas Dinâmicas Simplesmente Encadeadas Circulares,Pilhas Estáticas,Árvores BInárias de Busca Balanceadas,Filas Estáticas,Filas de Prioridade,Árvores Binárias de Busca,Bom
Pilhas Dinâmicas,Listas Dinâmicas Simplesmente Encadeadas Circulares,Árvores BInárias de Busca Balanceadas,Filas Estáticas,Listas Dinâmicas Duplamente Encadeadas Circulares,Listas Estáticas Sequenciais,Tipos Abstratos de Dados,Aplicações de Filas,Listas Dinâmicas Simplesmente Encadeadas,Pilhas,Recursividade,Listas Estáticas Circulares,Listas,Pilhas Estáticas,Filas,Árvores Binárias,Percursos em Árvores Binárias,Árvores Binárias de Busca,Listas Estáticas Encadeadas,Listas Estáticas,Filas de Prioridade,Listas Dinâmicas,Listas Dinâmicas Duplamente Encadeadas,Filas Dinâmicas,Aplicações de Pilhas,Ruim
Listas Estáticas,Pilhas,Recursividade,Filas Dinâmicas,Listas Estáticas Sequenciais,Tipos Abstratos de Dados,Árvores Binárias de Busca,Filas Estáticas,Listas Dinâmicas Duplamente Encadeadas,Filas,Filas de Prioridade,Pilhas Dinâmicas,Listas,Árvores Binárias,Listas Estáticas Circulares,Listas Estáticas Encadeadas,Listas Dinâmicas Simplesmente Encadeadas Circulares,Pilhas Estáticas,Percursos em Árvores Binárias,Listas Dinâmicas Duplamente Encadeadas Circulares,Listas Dinâmicas,Aplicações de Pilhas,Árvores BInárias de Busca Balanceadas,Listas Dinâmicas Simplesmente Encadeadas,Aplicações de Filas,Péssimo
Aplicações de Pilhas,Listas Estáticas,Recursividade,Pilhas,Listas Dinâmicas Simplesmente Encadeadas Circulares,Filas Dinâmicas,Listas Estáticas Sequenciais,Pilhas Dinâmicas,Listas Estáticas Circulares,Percursos em Árvores Binárias,Listas Dinâmicas Simplesmente Encadeadas,Filas,Árvores Binárias de Busca,Pilhas Estáticas,Listas Dinâmicas,Aplicações de Filas,Filas Estáticas,Listas Estáticas Encadeadas,Filas de Prioridade,Listas Dinâmicas Duplamente Encadeadas,Tipos Abstratos de Dados,Listas Dinâmicas Duplamente Encadeadas Circulares,Árvores Binárias,Árvores BInárias de Busca Balanceadas,Listas,Regular
Árvores Binárias,Listas Estáticas,Listas Estáticas Circulares,Pilhas Dinâmicas,Árvores BInárias de Busca Balanceadas,Filas Dinâmicas,Filas,Listas Dinâmicas Simplesmente Encadeadas Circulares,Listas Estáticas Sequenciais,Pilhas,Árvores Binárias de Busca,Filas de Prioridade,Listas Dinâmicas Duplamente Encadeadas,Aplicações de Filas,Recursividade,Filas Estáticas,Listas Dinâmicas Simplesmente Encadeadas,Tipos Abstratos de Dados,Aplicações de Pilhas,Listas,Pilhas Estáticas,Listas Dinâmicas Duplamente Encadeadas Circulares,Listas Estáticas Encadeadas,Percursos em Árvores Binárias,Listas Dinâmicas,Regular
Filas Estáticas,Listas Dinâmicas,Listas Estáticas Encadeadas,Recursividade,Pilhas Dinâmicas,Listas Dinâmicas Duplamente Encadeadas Circulares,Listas Estáticas Circulares,Pilhas,Pilhas Estáticas,Listas Dinâmicas Duplamente Encadeadas,Aplicações de Pilhas,Árvores BInárias de Busca Balanceadas,Árvores Binárias,Listas Estáticas,Aplicações de Filas,Listas Dinâmicas Simplesmente Encadeadas,Árvores Binárias de Busca,Filas de Prioridade,Listas Dinâmicas Simplesmente Encadeadas Circulares,Percursos em Árvores Binárias,Tipos Abstratos de Dados,Filas Dinâmicas,Listas Estáticas Sequenciais,Filas,Listas,Ótimo
Pilhas Dinâmicas,Árvores BInárias de Busca Balanceadas,Listas,Listas Dinâmicas Simplesmente Encadeadas Circulares,Aplicações de Filas,Listas Estáticas Circulares,Recursividade,Listas Dinâmicas Duplamente Encadeadas Circulares,Aplicações de Pilhas,Filas de Prioridade,Listas Estáticas Sequenciais,Listas Dinâmicas,Árvores Binárias de Busca,Filas Dinâmicas,Filas Estáticas,Listas Estáticas Encadeadas,Filas,Pilhas Estáticas,Tipos Abstratos de Dados,Árvores Binárias,Listas Dinâmicas Simplesmente Encadeadas,Listas Dinâmicas Duplamente Encadeadas,Pilhas,Percursos em Árvores Binárias,Listas Estáticas,Bom
Árvores Binárias de Busca,Listas Dinâmicas Duplamente Encadeadas,Listas Dinâmicas Duplamente Encadeadas Circulares,Listas Dinâmicas Simplesmente Encadeadas,Árvores BInárias de Busca Balanceadas,Listas,Filas de Prioridade,Árvores Binárias,Listas Estáticas Circulares,Listas Estáticas,Tipos Abstratos de Dados,Listas Dinâmicas,Listas Estáticas Sequenciais,Filas Estáticas,Recursividade,Filas Dinâmicas,Aplicações de Pilhas,Pilhas,Filas,Aplicações de Filas,Listas Dinâmicas Simplesmente Encadeadas Circulares,Percursos em Árvores Binárias,Pilhas Dinâmicas,Listas Estáticas Encadeadas,Pilhas Estáticas,Ótimo
Recursividade,Listas Dinâmicas Duplamente Encadeadas Circulares,Listas Estáticas,Listas Dinâmicas Duplamente Encadeadas,Pilhas,Tipos Abstratos de Dados,Filas Dinâmicas,Pilhas Estáticas,Listas Estáticas Sequenciais,Aplicações de Filas,Filas de Prioridade,Listas Estáticas Circulares,Pilhas Dinâmicas,Árvores Binárias,Filas Estáticas,Filas,Listas Dinâmicas Simplesmente Encadeadas,Árvores Binárias de Busca,Percursos em Árvores Binárias,Listas Dinâmicas Simplesmente Encadeadas Circulares,Listas Estáticas Encadeadas,Aplicações de Pilhas,Árvores BInárias de Busca Balanceadas,Listas Dinâmicas,Listas,Péssimo
Árvores BInárias de Busca Balanceadas,Filas Dinâmicas,Percursos em Árvores Binárias,Recursividade,Filas Estáticas,Aplicações de Pilhas,Pilhas Dinâmicas,Pilhas Estáticas,Listas Dinâmicas Simplesmente Encadeadas,Listas,Listas Dinâmicas,Tipos Abstratos de Dados,Árvores Binárias,Árvores Binárias de Busca,Listas Dinâmicas Duplamente Encadeadas,Listas Estáticas Encadeadas,Pilhas,Listas Dinâmicas Duplamente Encadeadas Circulares,Aplicações de Filas,Listas Estáticas Circulares,Listas Estáticas Sequenciais,Listas Dinâmicas Simplesmente Encadeadas Circulares,Filas de Prioridade,Listas Estáticas,Filas,Péssimo
Filas de Prioridade,Listas Dinâmicas Duplamente Encadeadas Circulares,Árvores Binárias de Busca,Pilhas,Listas Dinâmicas Simplesmente Encadeadas Circulares,Árvores BInárias de Busca Balanceadas,Aplicações de Filas,Filas Dinâmicas,Recursividade,Pilhas Estáticas,Percursos em Árvores Binárias,Pilhas Dinâmicas,Filas,Listas Estáticas Encadeadas,Listas Dinâmicas Duplamente Encadeadas,Listas Estáticas Circulares,Tipos Abstratos de Dados,Listas Dinâmicas Simplesmente Encadeadas,Listas Estáticas Sequenciais,Filas Estáticas,Listas Dinâmicas,Listas Estáticas,Árvores Binárias,Listas,Aplicações de Pilhas,Péssimo
Filas,Percursos em Árvores Binárias,Pilhas Estáticas,Árvores BInárias de Busca Balanceadas,Listas Dinâmicas,Listas Estáticas,Filas Estáticas,Tipos Abstratos de Dados,Listas Dinâmicas Simplesmente Encadeadas,Listas Dinâmicas Duplamente Encadeadas Circulares,Filas Dinâmicas,Filas de Prioridade,Aplicações de Pilhas,Árvores Binárias de Busca,Pilhas,Listas,Árvores Binárias,Listas Estáticas Encadeadas,Listas Estáticas Circulares,Pilhas Dinâmicas,Listas Dinâmicas Simplesmente Encadeadas Circulares,Listas Estáticas Sequenciais,Recursividade,Aplicações de Filas,Listas Dinâmicas Duplamente Encadeadas,Ótimo
Listas Estáticas Sequenciais,Pilhas Dinâmicas,Listas Estáticas,Listas Dinâmicas Simplesmente Encadeadas Circulares,Listas Estáticas Circulares,Pilhas Estáticas,Percursos em Árvores Binárias,Listas Dinâmicas,Pilhas,Listas,Filas de Prioridade,Filas Dinâmicas,Recursividade,Listas Dinâmicas Duplamente Encadeadas,Árvores BInárias de Busca Balanceadas,Listas Dinâmicas Duplamente Encadeadas Circulares,Listas Estáticas Encadeadas,Árvores Binárias,Tipos Abstratos de Dados,Filas,Aplicações de Filas,Árvores Binárias de Busca,Listas Dinâmicas Simplesmente Encadeadas,Filas Estáticas,Aplicações de Pilhas,Ruim
Listas,Aplicações de Filas,Pilhas Estáticas,Árvores Binárias,Listas Dinâmicas Simplesmente Encadeadas Circulares,Listas Dinâmicas,Tipos Abstratos de Dados,Árvores Binárias de Busca,Listas Dinâmicas Duplamente Encadeadas,Percursos em Árvores Binárias,Listas Dinâmicas Duplamente Encadeadas Circulares,Recursividade,Listas Estáticas Sequenciais,Listas Estáticas,Filas Estáticas,Filas,Filas de Prioridade,Listas Estáticas Encadeadas,Listas Dinâmicas Simplesmente Encadeadas,Filas Dinâmicas,Árvores BInárias de Busca Balanceadas,Pilhas Dinâmicas,Pilhas,Listas Estáticas Circulares,Aplicações de Pilhas,Ruim
Árvores Binárias,Listas Dinâmicas Simplesmente Encadeadas,Listas Estáticas Encadeadas,Filas Dinâmicas,Listas Dinâmicas,Listas Dinâmicas Duplamente Encadeadas Circulares,Árvores BInárias de Busca Balanceadas,Listas Dinâmicas Duplamente Encadeadas,Listas Estáticas,Tipos Abstratos de Dados,Percursos em Árvores Binárias,Listas Estáticas Circulares,Listas Dinâmicas Simplesmente Encadeadas Circulares,Listas,Filas,Filas Estáticas,Aplicações de Pilhas,Pilhas Estáticas,Listas Estáticas Sequenciais,Pilhas,Recursividade,Árvores Binárias de Busca,Aplicações de Filas,Filas de Prioridade,Pilhas Dinâmicas,Ótimo
